1979,16,336.84,1362.175
1980,26,338.76,1362.201
1981,32,340.12,1362.249
1982,14,341.48,1361.807
1983,31,343.15,1361.81
1984,16,344.85,1361.402
1985,12,346.35,1361.256
1986,18,347.61,1361.262
1987,32,349.31,1361.396
1988,39,351.69,1361.703
1989,27,353.2,1362.201
1990,45,354.45,1362.12
1991,40,355.7,1362.012
1992,22,356.54,1361.881
1993,23,357.21,1361.614
1994,32,358.96,1361.396
1995,45,360.97,1361.311
1996,33,362.74,1361.235
1997,46,363.88,1361.357
1998,61,366.84,1361.703
1999,38,368.54,1361.973
2000,39,369.71,1362.254
2001,54,371.32,1362.081
2002,63,373.45,1362.191
2003,62,375.98,1361.691
2004,53,377.7,1361.471
2005,68,379.98,1361.262
2006,64,382.09,1361.236
2007,66,384.03,1361.169
2008,54,385.83,1361.197
2009,66,387.64,1361.191
2010,72,390.1,1361.34
2011,61,391.85,1361.606
2012,65,394.06,1361.768
2013,68,396.74,1361.813
2014,74,398.87,1361.889
2015,89,401.01,1361.949
2016,101,404.41,1361.465
2017,92,406.76,1361.291
2018,85,408.72,1361.262
2019,98,411.66,1361.255
2020,102,414.24,1361.323
2021,85,416.41,1361.489
2022,89,418.53,1361.981
2023,117,421.08,1362.448
2024,129,424.61,1362.565
2025,119,427.35,1362.416